{
  "Seed": 1396359679,
  "IsFlying": false,
  "X": -38.210285,
  "Y": 60.0,
  "Z": -130.87352,
  "DirX": 0.23610821,
  "DirY": -0.57341397,
  "DirZ": -0.7845058,
  "Inventory": [
    0,
    0,
    0,
    0,
    0,
    0,
    0,
    0,
    0
  ],
  "WorldType": "Default",
  "Day": 1,
  "Hour": 6,
  "Minute": 0,
  "Date": "2025-06-23T01:24:09.3103472-05:00"
}