{
  "Seed": 303474587,
  "IsFlying": false,
  "X": 1.5,
  "Y": 43.0,
  "Z": 7.489245,
  "DirX": -0.67448634,
  "DirY": -0.6812183,
  "DirZ": -0.28462234,
  "Inventory": [
    0,
    0,
    0,
    0,
    0,
    0,
    0,
    0,
    0
  ],
  "WorldType": "Default",
  "Day": 1,
  "Hour": 6,
  "Minute": 0,
  "Date": "2025-06-23T01:54:19.9442417-05:00"
}