{
  "Seed": 270855256,
  "IsFlying": false,
  "X": -1.7638019,
  "Y": 46.0,
  "Z": -3.808973,
  "DirX": -0.52161056,
  "DirY": -0.5656858,
  "DirZ": 0.6386877,
  "Inventory": [
    0,
    0,
    0,
    0,
    0,
    0,
    0,
    0,
    0
  ],
  "WorldType": "Default",
  "Day": 1,
  "Hour": 6,
  "Minute": 0,
  "Date": "2025-06-23T01:10:26.6645945-05:00"
}