{
  "Seed": 1328493208,
  "IsFlying": true,
  "X": -0.5,
  "Y": 33.0,
  "Z": 0.0,
  "DirX": -0.12042627,
  "DirY": -0.98825,
  "DirZ": -0.09412477,
  "Inventory": [
    0,
    0,
    0,
    0,
    0,
    0,
    0,
    0,
    0
  ],
  "WorldType": "Default",
  "Day": 1,
  "Hour": 6,
  "Minute": 0,
  "Date": "2025-06-22T16:07:14.8625003-05:00"
}